{"cameraMode":{"drawMode":0,"name":"Shaded","section":"Shading Mode"},"sceneLighting":false,"audioPlay":false,"sceneViewState":{"showFog":true,"showMaterialUpdate":false,"showSkybox":true,"showFlares":true,"showImageEffects":true,"showParticleSystems":true},"in2DMode":false,"pivot":{"x":-8.603449821472168,"y":6.912632942199707,"z":-35.374813079833987},"rotation":{"x":0.029781142249703409,"y":0.9064397215843201,"z":0.4162619709968567,"w":-0.06485406309366226},"size":106.34754180908203,"orthographic":false}