{"cameraMode":{"drawMode":0,"name":"Shaded","section":"Shading Mode"},"sceneLighting":false,"audioPlay":false,"sceneViewState":{"showFog":true,"showMaterialUpdate":false,"showSkybox":true,"showFlares":true,"showImageEffects":true,"showParticleSystems":true},"in2DMode":false,"pivot":{"x":296.88751220703127,"y":291.89752197265627,"z":0.0},"rotation":{"x":-0.08539055287837982,"y":0.011644601821899414,"z":-0.000998668372631073,"w":-0.9962790608406067},"size":228.44989013671876,"orthographic":false}